Judul,Penulis,Pembimbing I,Pembimbing II,Abstrak
Perbedaan Kebahagaiaan Pasangan Pernikahan Pertama Dan Bukan Pertama,Penulis : Siti Komariyah,Dosen Pembimbing I : Dr. Netty Herawati. Psikolog,Dosen Pembimbing II :,"Siti Komariyah. 130541100133. Perbedaan kebahagiaan pasangan pernikahan pertama dan bukan pertama. Skripsi. Program Studi Psikologi, Fakultas Ilmu Sosial dan Ilmu…"
ALTERNATIF PEMILIHAN JENIS PAKAN SAPI MADURA DI KABUPATEN PAMEKASAN MENGGUNAKAN ANP(analytical network proses),Penulis : Budiyono,"Dosen Pembimbing I : Dr, Muhammad fuad FM,STP.M.Si","Dosen Pembimbing II :Dr.Ir. H.Asfan,MP","Abstrak Dalam menyediakan hijauan pakan ternak harus diketahui potensi hijauan yang ada sehingga kebutuhan pakan bisa optimal, pakan yang digunakan…"
STAGNANSI HUBUNGAN KELEMBAGAAN DAN KEWENANGAN ANTARA KOMISI PEMBERANTASAN KORUPSI DAN KEPOLISIAN,Penulis : MOH WASIL SYAHRONI,"Dosen Pembimbing I : Dr. DENI SETYA BAGUS YUHERAWAN, S.H., M.S",Dosen Pembimbing II :,Skripsi ini bertujuan untuk menganalisis pentingnya Stagnansi hubungan kelembagaan kewenangan antara komisi pemberantasan korupsi dan kepolisian. Adanya fakta perseteruan antara…
,,,,
,,,,
,,,,
,,,,
,,,,
,,,,
,,,,
,,,,
,,,,
,,,,
,,,,
